{"server":[{"Name":"Business_platform1","IP":"127.0.0.1","Port":10099,"services":[{"Route":"Business/GetStationByArea","Method":"Get","parameter":["Area"],"parameterexplain":["String,@区域编码41,4101等|"],"annotation":"通过区域码返回站点列表","Authorize":true},{"Route":"Airquality/GetAqiDataByElement","Method":"Get","parameter":["Betime","Endtime","Element","Areacode"],"parameterexplain":["String,@根据时间，要素，地区查询环境实况数据|","String,@|","String,@|","String,@|"],"annotation":"根据时间，要素，地区查询环境实况数据","Authorize":false},{"Route":"Airquality/GetHomeAqiDataByNo","Method":"Get","parameter":["Station"],"parameterexplain":["String,@根据站点号查询24小时数据|"],"annotation":"通过区域码获取24小时环境数据(AQI,PM2.5,PM10,臭氧,二氧化碳,二氧化硫)","Authorize":false},{"Route":"Airquality/GetHomeWeatherDataByNo","Method":"Get","parameter":["Station"],"parameterexplain":["String,@根据站点号查询24小时数据|"],"annotation":"通过站点号获取24小时气象数据","Authorize":false},{"Route":"Airquality/GetHomeStation","Method":"Get","parameter":["Area"],"parameterexplain":["String,@根据地区查询站点数据和列表|"],"annotation":"根据地区查询站点数据和列表","Authorize":false},{"Route":"Airquality/GetAqiPM","Method":"Get","parameter":["Betime","Endtime"],"parameterexplain":["String,@根据日期范围获取AQI排名|","String,@|"],"annotation":"根据日期范围获取AQI排名","Authorize":false},{"Route":"Airquality/GetWrwZb","Method":"Get","parameter":[],"parameterexplain":[],"annotation":"获取当月污染物占比","Authorize":false},{"Route":"Airquality/GetAqiZb","Method":"Get","parameter":[],"parameterexplain":[],"annotation":"获取当月AQI占比","Authorize":false},{"Route":"Airquality/GetHjCurveData","Method":"Get","parameter":["Station","Betime","Endtime"],"parameterexplain":["String,@获取环境曲线数据|","String,@|","String,@|"],"annotation":"根据站号，时间获取环境曲线数据","Authorize":false},{"Route":"Airquality/GetQxzCurveData","Method":"Get","parameter":["Station","Betime","Endtime"],"parameterexplain":["String,@获取气象站曲线数据|","String,@|","String,@|"],"annotation":"根据站号，时间获取气象站曲线数据","Authorize":false},{"Route":"Airquality/GetQxzPm","Method":"Get","parameter":["Element","Betime","Endtime"],"parameterexplain":["String,@获取气象站排名数据|","String,@|","String,@|"],"annotation":"根据要素，时间获取气象站排名数据","Authorize":false},{"Route":"MinuteData/getStationDataInfo","Method":"Get","parameter":["Area","begintime","endtime","selectname"],"parameterexplain":["String,@区域编码41,4101等|","String,@开始时间|","String,@结束时间|","String,@要素类型 温度，湿度|"],"annotation":"通过区域码，时间，要素类型返回最新实况","Authorize":false},{"Route":"MinuteData/GetNewAllDataByStation","Method":"Get","parameter":["StationNo"],"parameterexplain":["String,@站号 StationNo  57071 |"],"annotation":"通过区域码，时间，要素类型返回最新实况","Authorize":false},{"Route":"MinuteData/GetDataByStation","Method":"Get","parameter":["StationNo","begintime","endtime"],"parameterexplain":["String,@站号 StationNo  57071 |","String,@开始时间|","String,@结束时间|"],"annotation":"通过区站号，时间，返回站点各要素逐小时数据","Authorize":false},{"Route":"StationallManage/GetStationallByType","Method":"Get","parameter":["Area","Type"],"parameterexplain":["String,@区域编码41,4101等|","String,@国家站,区域站，其他，环境站|"],"annotation":"通过区域码返回站点列表","Authorize":false}]},{"Name":"Business_platform1","IP":"127.0.0.1","Port":10100,"services":[{"Route":"Business/GetStationByArea","Method":"Get","parameter":["Area"],"parameterexplain":["String,@区域编码41,4101等|"],"annotation":"通过区域码返回站点列表","Authorize":true},{"Route":"Airquality/GetAqiDataByElement","Method":"Get","parameter":["Betime","Endtime","Element","Areacode"],"parameterexplain":["String,@根据时间，要素，地区查询环境实况数据|","String,@|","String,@|","String,@|"],"annotation":"根据时间，要素，地区查询环境实况数据","Authorize":false},{"Route":"Airquality/GetHomeAqiDataByNo","Method":"Get","parameter":["Station"],"parameterexplain":["String,@根据站点号查询24小时数据|"],"annotation":"通过区域码获取24小时环境数据(AQI,PM2.5,PM10,臭氧,二氧化碳,二氧化硫)","Authorize":false},{"Route":"Airquality/GetHomeWeatherDataByNo","Method":"Get","parameter":["Station"],"parameterexplain":["String,@根据站点号查询24小时数据|"],"annotation":"通过站点号获取24小时气象数据","Authorize":false},{"Route":"Airquality/GetHomeStation","Method":"Get","parameter":["Area"],"parameterexplain":["String,@根据地区查询站点数据和列表|"],"annotation":"根据地区查询站点数据和列表","Authorize":false},{"Route":"Airquality/GetAqiPM","Method":"Get","parameter":["Betime","Endtime"],"parameterexplain":["String,@根据日期范围获取AQI排名|","String,@|"],"annotation":"根据日期范围获取AQI排名","Authorize":false},{"Route":"Airquality/GetWrwZb","Method":"Get","parameter":[],"parameterexplain":[],"annotation":"获取当月污染物占比","Authorize":false},{"Route":"Airquality/GetAqiZb","Method":"Get","parameter":[],"parameterexplain":[],"annotation":"获取当月AQI占比","Authorize":false},{"Route":"Airquality/GetHjCurveData","Method":"Get","parameter":["Station","Betime","Endtime"],"parameterexplain":["String,@获取环境曲线数据|","String,@|","String,@|"],"annotation":"根据站号，时间获取环境曲线数据","Authorize":false},{"Route":"Airquality/GetQxzCurveData","Method":"Get","parameter":["Station","Betime","Endtime"],"parameterexplain":["String,@获取气象站曲线数据|","String,@|","String,@|"],"annotation":"根据站号，时间获取气象站曲线数据","Authorize":false},{"Route":"Airquality/GetQxzPm","Method":"Get","parameter":["Element","Betime","Endtime"],"parameterexplain":["String,@获取气象站排名数据|","String,@|","String,@|"],"annotation":"根据要素，时间获取气象站排名数据","Authorize":false},{"Route":"MinuteData/getStationDataInfo","Method":"Get","parameter":["Area","begintime","endtime","selectname"],"parameterexplain":["String,@区域编码41,4101等|","String,@开始时间|","String,@结束时间|","String,@要素类型 温度，湿度|"],"annotation":"通过区域码，时间，要素类型返回最新实况","Authorize":false},{"Route":"MinuteData/GetNewAllDataByStation","Method":"Get","parameter":["StationNo"],"parameterexplain":["String,@站号 StationNo  57071 |"],"annotation":"通过区域码，时间，要素类型返回最新实况","Authorize":false},{"Route":"MinuteData/GetDataByStation","Method":"Get","parameter":["StationNo","begintime","endtime"],"parameterexplain":["String,@站号 StationNo  57071 |","String,@开始时间|","String,@结束时间|"],"annotation":"通过区站号，时间，返回站点各要素逐小时数据","Authorize":false},{"Route":"StationallManage/GetStationallByType","Method":"Get","parameter":["Area","Type"],"parameterexplain":["String,@区域编码41,4101等|","String,@国家站,区域站，其他，环境站|"],"annotation":"通过区域码返回站点列表","Authorize":false}]}]}