{"server":[{"Name":"OAProjectFollow","IP":"116.255.252.181","Port":11120,"services":[{"Route":"api/ProjectFollow/RegestUser","Method":"NONE","parameter":["model"],"parameterexplain":["@|"],"annotation":"注册用户","Authorize":true},{"Route":"api/ProjectFollow/Getuser","Method":"Get","parameter":[],"parameterexplain":[],"annotation":"获取用户信息","Authorize":true},{"Route":"api/ProjectFollow/AddCustomer","Method":"NONE","parameter":["model"],"parameterexplain":["@|"],"annotation":"客户录入","Authorize":true},{"Route":"api/ProjectFollow/UpdateCustomer","Method":"NONE","parameter":["model"],"parameterexplain":["@|"],"annotation":"修改客户信息","Authorize":true},{"Route":"api/ProjectFollow/DeletCustomerById","Method":"POST","parameter":["Id"],"parameterexplain":["Int32 MaxValue,Int32 MinValue,@|"],"annotation":"删除客户信息","Authorize":true},{"Route":"api/ProjectFollow/GetCustomerData","Method":"NONE","parameter":["model"],"parameterexplain":["@|"],"annotation":"获取客户列表","Authorize":true},{"Route":"api/ProjectFollow/GetCustomerDataById","Method":"POST","parameter":["Id"],"parameterexplain":["Int32 MaxValue,Int32 MinValue,@|"],"annotation":"通过ID获取客户信息","Authorize":true},{"Route":"api/ProjectFollow/AddWorkLog","Method":"NONE","parameter":["model"],"parameterexplain":["@|"],"annotation":"添加工作日志","Authorize":true},{"Route":"api/ProjectFollow/AddWorkPlaneLog","Method":"NONE","parameter":["model"],"parameterexplain":["@|"],"annotation":"添加工作计划","Authorize":true},{"Route":"api/ProjectFollow/GetSaleUserData","Method":"Get","parameter":[],"parameterexplain":[],"annotation":"获取销售人员","Authorize":true},{"Route":"api/ProjectFollow/GetSaleDetils","Method":"Get","parameter":["Id","times"],"parameterexplain":["String,@|","String,@|"],"annotation":"获取销售人员工作详情","Authorize":true},{"Route":"api/ProjectFollow/GetSalePlaneDetils","Method":"Get","parameter":["Id","times"],"parameterexplain":["Int32 MaxValue,Int32 MinValue,@|","String,@|"],"annotation":"获取销售人员工作计划","Authorize":true},{"Route":"api/ProjectFollow/GetSiteCodes","Method":"Get","parameter":["where"],"parameterexplain":["String,@|"],"annotation":"获取城市区划","Authorize":true},{"Route":"api/ProjectFollow/GetProvinceData","Method":"Get","parameter":[],"parameterexplain":[],"annotation":"获取省份","Authorize":true},{"Route":"api/ProjectFollow/GetCityData","Method":"Get","parameter":["Code"],"parameterexplain":["Int32 MaxValue,Int32 MinValue,@|"],"annotation":"根据省份获取市","Authorize":true},{"Route":"api/ProjectFollow/GetDistrictData","Method":"Get","parameter":["Code"],"parameterexplain":["Int32 MaxValue,Int32 MinValue,@|"],"annotation":"根据市获取县区","Authorize":true},{"Route":"api/ProjectFollow/GetReportData","Method":"Get","parameter":["Method","Id"],"parameterexplain":["String,@|","String,@|"],"annotation":"获取周报月报表，工作日志","Authorize":true}]},{"Name":"SignalManageService","IP":"116.255.252.181","Port":10098,"services":[{"Route":"SignalDevice/getDeviceListByPager","Method":"Get","parameter":["Imei","keyword","pageSize","pageIndex"],"parameterexplain":["String,@设备号|","String,@设备名称|","Int32 MaxValue,Int32 MinValue,@页数量|","Int32 MaxValue,Int32 MinValue,@页码|"],"annotation":"分页获取设备信号检测列表","Authorize":true},{"Route":"SignalDevice/getDeviceModelByImei","Method":"Get","parameter":["Imei"],"parameterexplain":["String,@设备号|"],"annotation":"根据设备号获取设备信息","Authorize":false},{"Route":"SignalDevice/Delete","Method":"Get","parameter":["id"],"parameterexplain":["Int32 MaxValue,Int32 MinValue,@Id|"],"annotation":"删除设备数据","Authorize":true},{"Route":"SignalDevice/Insert","Method":"NONE","parameter":["model"],"parameterexplain":["@Device对象|"],"annotation":"新增设备数据","Authorize":true},{"Route":"SignalDevice/Update","Method":"NONE","parameter":["model"],"parameterexplain":["@Device对象|"],"annotation":"修改设备数据","Authorize":true},{"Route":"SignalDevice/UpdatePoints","Method":"Get","parameter":["Imei","Points"],"parameterexplain":["String,@设备号|","String,@|"],"annotation":"修改设备授权范围","Authorize":true},{"Route":"SignalDevice/BindVolumeCard","Method":"Get","parameter":["Imei","cmcc","unicom","chinanet"],"parameterexplain":["String,@设备号|","String,@中国移动|","String,@中国联通|","String,@中国电信|"],"annotation":"绑定流量卡号","Authorize":true},{"Route":"SignalDevice/DeviceIccidList","Method":"Get","parameter":["pageNo"],"parameterexplain":["Int32 MaxValue,Int32 MinValue,@页码，从1开始|"],"annotation":"iccid列表查询","Authorize":true},{"Route":"SignalDevice/DeviceDetailBatch","Method":"Get","parameter":["Imeilist"],"parameterexplain":["String,@设备号,多个用逗号分隔|"],"annotation":"批量卡详情","Authorize":true},{"Route":"SignalDevice/DeviceDetail","Method":"Get","parameter":["Imei"],"parameterexplain":["String,@设备号|"],"annotation":"单卡详情","Authorize":true},{"Route":"SignalDevice/DeviceRecharge","Method":"Get","parameter":["Imei","Month","ratePlanId"],"parameterexplain":["String,@设备号|","Int32 MaxValue,Int32 MinValue,@续费的时长, 标准套餐传此参数(月)|","Int32 MaxValue,Int32 MinValue,@续费套餐id|"],"annotation":"单卡续费充值","Authorize":true},{"Route":"SignalAdmin/Login","Method":"POST","parameter":["LoginName","Password"],"parameterexplain":["String,@登录账户|","String,@用户密码|"],"annotation":"用户登录","Authorize":false},{"Route":"SignalAdmin/UpdateTicket","Method":"POST","parameter":["Id","Ticket"],"parameterexplain":["Int32 MaxValue,Int32 MinValue,@用户id|","String,@Ticket|"],"annotation":"更新用户Ticket","Authorize":false},{"Route":"SignalAdmin/GetAdminListByPager","Method":"Get","parameter":["keyword","pageSize","pageIndex"],"parameterexplain":["String,@关键字|","Int32 MaxValue,Int32 MinValue,@页数量|","Int32 MaxValue,Int32 MinValue,@页码|"],"annotation":"查询用户数据","Authorize":true},{"Route":"SignalAdmin/Delete","Method":"Get","parameter":["id"],"parameterexplain":["Int32 MaxValue,Int32 MinValue,@Id|"],"annotation":"删除用户数据","Authorize":true},{"Route":"SignalAdmin/Insert","Method":"NONE","parameter":["model"],"parameterexplain":["Object addUserId,@Admin对象|"],"annotation":"新增用户数据","Authorize":true},{"Route":"SignalAdmin/Update","Method":"NONE","parameter":["model"],"parameterexplain":["Object addUserId,@Admin对象|"],"annotation":"修改用户数据","Authorize":true},{"Route":"SignalAdmin/getUserDevice","Method":"Get","parameter":["Id"],"parameterexplain":["Int32 MaxValue,Int32 MinValue,@用户Id|"],"annotation":"读取用户设备","Authorize":true},{"Route":"SignalAdmin/setDeviceToUser","Method":"Get","parameter":["Id","Imeilist"],"parameterexplain":["Int32 MaxValue,Int32 MinValue,@用户Id|","String,@设备列表，多个用逗号分隔|"],"annotation":"设置用户设备","Authorize":true},{"Route":"Signal/updateSignal","Method":"POST","parameter":["str"],"parameterexplain":["String,@用户名|"],"annotation":"接收上传的信号测试数据","Authorize":false},{"Route":"Signal/GrantImei","Method":"Get","parameter":["str"],"parameterexplain":["String,@json 格式{imei:''}|"],"annotation":"上传设备信息并返回授权范围","Authorize":false},{"Route":"Signal/getStationNewSignal","Method":"Get","parameter":[],"parameterexplain":[],"annotation":"获取设备最新检测信号列表","Authorize":false},{"Route":"Signal/getSignalStation","Method":"Get","parameter":[],"parameterexplain":[],"annotation":"获取设备检测信号站列表","Authorize":true},{"Route":"Signal/getSignalListByPager","Method":"Get","parameter":["Imei","Begin","End","pageSize","pageIndex"],"parameterexplain":["String,@设备号|","String,@开始时间|","String,@结束时间|","Int32 MaxValue,Int32 MinValue,@页数量|","Int32 MaxValue,Int32 MinValue,@页码|"],"annotation":"分页获取设备信号检测列表","Authorize":true},{"Route":"Signal/getSignalListTop","Method":"Get","parameter":["Imei","Type","pageSize"],"parameterexplain":["String,@设备号|","String,@运营商：移动 CM/ 电信 CT/联通 CU|","Int32 MaxValue,Int32 MinValue,@显示数量|"],"annotation":"获取设备信号检测列表","Authorize":true},{"Route":"Signal/getSignalListByImei","Method":"Get","parameter":["Imei"],"parameterexplain":["String,@设备号|"],"annotation":"根据设备号获取设备检测列表","Authorize":true},{"Route":"Signal/Delete","Method":"Get","parameter":["id"],"parameterexplain":["Int32 MaxValue,Int32 MinValue,@Id|"],"annotation":"删除检测数据","Authorize":true},{"Route":"Signal/SignalAudit","Method":"Get","parameter":["id","State"],"parameterexplain":["Int32 MaxValue,Int32 MinValue,@Id|","Int32 MaxValue,Int32 MinValue,@数据状态|"],"annotation":"审核检测数据","Authorize":true},{"Route":"Signal/SignalListbyStation","Method":"Get","parameter":["Areacode","Begin","End","Type"],"parameterexplain":["String,@区码|","String,@开始时间|","String,@结束时间|","String,@类型|"],"annotation":"各站点检测次数统计及列表","Authorize":false},{"Route":"Signal/SignalTongjibyStation","Method":"Get","parameter":["Areacode","Begin","End","Type"],"parameterexplain":["String,@区码|","String,@开始时间|","String,@结束时间|","String,@类型|"],"annotation":"各站点不同运营商检测次数统计","Authorize":false},{"Route":"Signal/SignalTongjibyType","Method":"Get","parameter":["Areacode","Begin","End","Type"],"parameterexplain":["String,@区码|","String,@开始时间|","String,@结束时间|","String,@类型|"],"annotation":"各级别检测次数统计","Authorize":false},{"Route":"Stationall/getStationNameByIds","Method":"Get","parameter":["idList"],"parameterexplain":["String,@站点id多个用','分割|"],"annotation":"根据id获取站点列表","Authorize":false},{"Route":"Stationall/GetSitelist","Method":"Get","parameter":["areacode"],"parameterexplain":["String,@区码|"],"annotation":"获取地市级站点列表（一级,不包含本身）","Authorize":false},{"Route":"Stationall/GetAreacodelist","Method":"Get","parameter":["code"],"parameterexplain":["String,@区码|"],"annotation":"根据区划获取下级编号","Authorize":false},{"Route":"Stationall/GetStationlist","Method":"Get","parameter":["code","type"],"parameterexplain":["String,@区码|","String,@站点类型：气象站、气候站|"],"annotation":"根据区划和类型获取站点列表","Authorize":true},{"Route":"Stationall/GetConfigByImei","Method":"Get","parameter":["imei","Type"],"parameterexplain":["String,@设备号|","String,@设备类型|"],"annotation":"根据设备号获取设备信息","Authorize":true},{"Route":"Stationall/RegisterStation","Method":"POST","parameter":["username","userpass","imei"],"parameterexplain":["String,@登录名|","String,@登录密码|","String,@设备号|"],"annotation":"注册账号","Authorize":true},{"Route":"Stationall/UpdateStation","Method":"POST","parameter":["model"],"parameterexplain":["@设备信息：[imei,name,contents,lat,lng,configs]|"],"annotation":"修改配置信息","Authorize":true},{"Route":"Stationall/remoteUpgrade","Method":"Get","parameter":["str"],"parameterexplain":["String,@json:{imei:\"\",version:\"v1.0\"}|"],"annotation":"app 远程升级","Authorize":false},{"Route":"Stationall/RegisterImei","Method":"POST","parameter":["str"],"parameterexplain":["String,@设备号 {imei:\"\"}|"],"annotation":"大喇叭设备注册","Authorize":false},{"Route":"Stationall/ReaderImeiIp","Method":"Get","parameter":["Imei"],"parameterexplain":["String,@|"],"annotation":"读取设备IP信息","Authorize":false},{"Route":"Stationall/PlayVoice","Method":"POST","parameter":["str"],"parameterexplain":["String,@设备号 json|"],"annotation":"大喇叭语音播放","Authorize":false}]},{"Name":"MinuteDataApp","IP":"116.255.252.181","Port":10198,"services":[{"Route":"Diseased/GetAllApi","Method":"Get","parameter":["lat","lon"],"parameterexplain":["Double MinValue,Double MaxValue,Double Epsilon,Double NegativeInfinity,Double PositiveInfinity,Double NaN,@纬度|","Double MinValue,Double MaxValue,Double Epsilon,Double NegativeInfinity,Double PositiveInfinity,Double NaN,@经度|"],"annotation":"河南省 农气预报 天气预报 天气实况","Authorize":true},{"Route":"Forecast/GetForecastdataFor24h","Method":"POST","parameter":["province","city","county"],"parameterexplain":["String,@省名称|","String,@城市名称|","String,@站点名称|"],"annotation":"根据站点号查询天气预报和24小时天气","Authorize":true},{"Route":"Forecast/GetForecastdataFor168h","Method":"POST","parameter":["city"],"parameterexplain":["String,@城市名称|"],"annotation":"根据城市名获取7天逐12小时预报","Authorize":true},{"Route":"MinuteDatas/GetShiKuangdata","Method":"Get","parameter":["stationlist","type"],"parameterexplain":["String,@站号，多个用逗号分割|","String,@站点类型：气象站、气候站|"],"annotation":"根据站点列表和类型查询最新实况数据","Authorize":true},{"Route":"MinuteDatas/GetEnvirondata","Method":"Get","parameter":["city"],"parameterexplain":["String,@站点名称|"],"annotation":"获取环境数据+彩云7天天气","Authorize":true},{"Route":"Radar/GetRadardataImage","Method":"Get","parameter":["station","areacode"],"parameterexplain":["String,@站名称|","String,@区域编码|"],"annotation":"根据雷达站号和区域码获取图片","Authorize":false},{"Route":"Radar/GetDLdData","Method":"Get","parameter":["city"],"parameterexplain":["String,@站名称:河南|信阳|"],"annotation":"获取雷达单站数据","Authorize":false},{"Route":"WarningData/GetWarnData","Method":"Get","parameter":["areacode"],"parameterexplain":["String,@区码|"],"annotation":"获取区域的当天预警","Authorize":true},{"Route":"WarningData/GetWarnKePData","Method":"Get","parameter":["areacode"],"parameterexplain":["String,@区码|"],"annotation":"根据当前预警返回预警类型的科普知识资料","Authorize":true},{"Route":"WarningData/GetProListBySolarTerm","Method":"Get","parameter":["key"],"parameterexplain":["String,@为空则获取最近节气数据|"],"annotation":"根据节气获取科普信息","Authorize":true},{"Route":"WarningData/GetZhiShuData","Method":"Get","parameter":["province","city","county"],"parameterexplain":["String,@省名称|","String,@城市名称|","String,@站点名称|"],"annotation":"根据城市返回生活指数数据","Authorize":true},{"Route":"Stationall/getStationNameByIds","Method":"Get","parameter":["idList"],"parameterexplain":["String,@站点id多个用','分割|"],"annotation":"根据id获取站点列表","Authorize":false},{"Route":"Stationall/GetSitelist","Method":"Get","parameter":["areacode"],"parameterexplain":["String,@区码|"],"annotation":"获取地市级站点列表（一级,不包含本身）","Authorize":false},{"Route":"Stationall/GetAreacodelist","Method":"Get","parameter":["code"],"parameterexplain":["String,@区码|"],"annotation":"根据区划获取下级编号","Authorize":false},{"Route":"Stationall/GetStationlist","Method":"Get","parameter":["code","type"],"parameterexplain":["String,@区码|","String,@站点类型：气象站、气候站|"],"annotation":"根据区划和类型获取站点列表","Authorize":true},{"Route":"Stationall/GetConfigByImei","Method":"Get","parameter":["imei","Type"],"parameterexplain":["String,@设备号|","String,@设备类型|"],"annotation":"根据设备号获取设备信息","Authorize":false},{"Route":"Stationall/RegisterStation","Method":"POST","parameter":["username","userpass","imei"],"parameterexplain":["String,@登录名|","String,@登录密码|","String,@设备号|"],"annotation":"注册账号","Authorize":true},{"Route":"Stationall/UpdateStation","Method":"POST","parameter":["model"],"parameterexplain":["@设备信息：[imei,name,contents,lat,lng,configs]|"],"annotation":"修改配置信息","Authorize":true},{"Route":"Stationall/remoteUpgrade","Method":"Get","parameter":["str"],"parameterexplain":["String,@json:{imei:\"\",version:\"v1.0\"}|"],"annotation":"app 远程升级","Authorize":false},{"Route":"Stationall/RegisterImei","Method":"POST","parameter":["str"],"parameterexplain":["String,@设备号 {imei:\"\"}|"],"annotation":"大喇叭设备注册","Authorize":false},{"Route":"Stationall/ReaderImeiIp","Method":"Get","parameter":["Imei"],"parameterexplain":["String,@|"],"annotation":"读取设备IP信息","Authorize":false},{"Route":"Stationall/PlayVoice","Method":"POST","parameter":["str"],"parameterexplain":["String,@设备号 json|"],"annotation":"大喇叭语音播放","Authorize":false}]}]}