{"server":[{"Name":"SignalManageService","IP":"127.0.0.1","Port":10098,"services":[{"Route":"SignalDevice/getDeviceListByPager","Method":"Get","parameter":["Imei","keyword","pageSize","pageIndex"],"parameterexplain":["String,@设备号|","String,@设备名称|","Int32 MaxValue,Int32 MinValue,@页数量|","Int32 MaxValue,Int32 MinValue,@页码|"],"annotation":"分页获取设备信号检测列表","Authorize":true},{"Route":"SignalDevice/getDeviceModelByImei","Method":"Get","parameter":["Imei"],"parameterexplain":["String,@设备号|"],"annotation":"根据设备号获取设备信息","Authorize":false},{"Route":"SignalDevice/Delete","Method":"Get","parameter":["id"],"parameterexplain":["Int32 MaxValue,Int32 MinValue,@Id|"],"annotation":"删除设备数据","Authorize":false},{"Route":"SignalDevice/Insert","Method":"NONE","parameter":["model"],"parameterexplain":["@Device对象|"],"annotation":"新增设备数据","Authorize":false},{"Route":"SignalDevice/Update","Method":"NONE","parameter":["model"],"parameterexplain":["@Device对象|"],"annotation":"修改设备数据","Authorize":false},{"Route":"SignalDevice/UpdatePoints","Method":"Get","parameter":["Imei","Points"],"parameterexplain":["String,@设备号|","String,@|"],"annotation":"修改设备授权范围","Authorize":false},{"Route":"SignalDevice/BindVolumeCard","Method":"Get","parameter":["Imei","cmcc","unicom","chinanet"],"parameterexplain":["String,@设备号|","String,@中国移动|","String,@中国联通|","String,@中国电信|"],"annotation":"绑定流量卡号","Authorize":false},{"Route":"SignalDevice/DeviceIccidList","Method":"Get","parameter":["pageNo"],"parameterexplain":["Int32 MaxValue,Int32 MinValue,@页码，从1开始|"],"annotation":"iccid列表查询","Authorize":true},{"Route":"SignalDevice/DeviceDetailBatch","Method":"Get","parameter":["Imeilist"],"parameterexplain":["String,@设备号,多个用逗号分隔|"],"annotation":"批量卡详情","Authorize":true},{"Route":"SignalDevice/DeviceDetail","Method":"Get","parameter":["Imei"],"parameterexplain":["String,@设备号|"],"annotation":"单卡详情","Authorize":true},{"Route":"SignalDevice/DeviceRecharge","Method":"Get","parameter":["Imei","Month","ratePlanId"],"parameterexplain":["String,@设备号|","Int32 MaxValue,Int32 MinValue,@续费的时长, 标准套餐传此参数(月)|","Int32 MaxValue,Int32 MinValue,@续费套餐id|"],"annotation":"单卡续费充值","Authorize":true},{"Route":"SignalAdmin/Login","Method":"POST","parameter":["LoginName","Password"],"parameterexplain":["String,@登录账户|","String,@用户密码|"],"annotation":"用户登录","Authorize":false},{"Route":"SignalAdmin/UpdateTicket","Method":"POST","parameter":["Id","Ticket"],"parameterexplain":["Int32 MaxValue,Int32 MinValue,@用户id|","String,@Ticket|"],"annotation":"更新用户Ticket","Authorize":false},{"Route":"SignalAdmin/GetAdminListByPager","Method":"Get","parameter":["keyword","pageSize","pageIndex"],"parameterexplain":["String,@关键字|","Int32 MaxValue,Int32 MinValue,@页数量|","Int32 MaxValue,Int32 MinValue,@页码|"],"annotation":"查询用户数据","Authorize":false},{"Route":"SignalAdmin/Delete","Method":"Get","parameter":["id"],"parameterexplain":["Int32 MaxValue,Int32 MinValue,@Id|"],"annotation":"删除用户数据","Authorize":false},{"Route":"SignalAdmin/Insert","Method":"NONE","parameter":["model"],"parameterexplain":["Object addUserId,@Admin对象|"],"annotation":"新增用户数据","Authorize":false},{"Route":"SignalAdmin/Update","Method":"NONE","parameter":["model"],"parameterexplain":["Object addUserId,@Admin对象|"],"annotation":"修改用户数据","Authorize":false},{"Route":"SignalAdmin/getUserDevice","Method":"Get","parameter":["Id"],"parameterexplain":["Int32 MaxValue,Int32 MinValue,@用户Id|"],"annotation":"读取用户设备","Authorize":false},{"Route":"SignalAdmin/setDeviceToUser","Method":"Get","parameter":["Id","Imeilist"],"parameterexplain":["Int32 MaxValue,Int32 MinValue,@用户Id|","String,@设备列表，多个用逗号分隔|"],"annotation":"设置用户设备","Authorize":false},{"Route":"Signal/updateSignal","Method":"POST","parameter":["str"],"parameterexplain":["String,@用户名|"],"annotation":"接收上传的信号测试数据","Authorize":false},{"Route":"Signal/GrantImei","Method":"Get","parameter":["str"],"parameterexplain":["String,@json 格式{imei:''}|"],"annotation":"上传设备信息并返回授权范围","Authorize":false},{"Route":"Signal/getStationNewSignal","Method":"Get","parameter":[],"parameterexplain":[],"annotation":"获取设备最新检测信号列表","Authorize":false},{"Route":"Signal/getSignalStation","Method":"Get","parameter":[],"parameterexplain":[],"annotation":"获取设备检测信号站列表","Authorize":true},{"Route":"Signal/getSignalListByPager","Method":"Get","parameter":["Imei","Begin","End","pageSize","pageIndex"],"parameterexplain":["String,@设备号|","String,@开始时间|","String,@结束时间|","Int32 MaxValue,Int32 MinValue,@页数量|","Int32 MaxValue,Int32 MinValue,@页码|"],"annotation":"分页获取设备信号检测列表","Authorize":true},{"Route":"Signal/getSignalListTop","Method":"Get","parameter":["Imei","Type","pageSize"],"parameterexplain":["String,@设备号|","String,@运营商：移动 CM/ 电信 CT/联通 CU|","Int32 MaxValue,Int32 MinValue,@显示数量|"],"annotation":"获取设备信号检测列表","Authorize":true},{"Route":"Signal/getSignalListByImei","Method":"Get","parameter":["Imei"],"parameterexplain":["String,@设备号|"],"annotation":"根据设备号获取设备检测列表","Authorize":true},{"Route":"Signal/Delete","Method":"Get","parameter":["id"],"parameterexplain":["Int32 MaxValue,Int32 MinValue,@Id|"],"annotation":"删除检测数据","Authorize":false},{"Route":"Signal/SignalAudit","Method":"Get","parameter":["id","State"],"parameterexplain":["Int32 MaxValue,Int32 MinValue,@Id|","Int32 MaxValue,Int32 MinValue,@数据状态|"],"annotation":"审核检测数据","Authorize":false},{"Route":"Signal/SignalListbyStation","Method":"Get","parameter":["Areacode","Begin","End","Type"],"parameterexplain":["String,@区码|","String,@开始时间|","String,@结束时间|","String,@类型|"],"annotation":"各站点检测次数统计及列表","Authorize":false},{"Route":"Signal/SignalTongjibyStation","Method":"Get","parameter":["Areacode","Begin","End","Type"],"parameterexplain":["String,@区码|","String,@开始时间|","String,@结束时间|","String,@类型|"],"annotation":"各站点不同运营商检测次数统计","Authorize":false},{"Route":"Signal/SignalTongjibyType","Method":"Get","parameter":["Areacode","Begin","End","Type"],"parameterexplain":["String,@区码|","String,@开始时间|","String,@结束时间|","String,@类型|"],"annotation":"各级别检测次数统计","Authorize":false},{"Route":"Stationall/getStationNameByIds","Method":"Get","parameter":["idList"],"parameterexplain":["String,@站点id多个用','分割|"],"annotation":"根据id获取站点列表","Authorize":false},{"Route":"Stationall/GetSitelist","Method":"Get","parameter":["areacode"],"parameterexplain":["String,@区码|"],"annotation":"获取地市级站点列表","Authorize":false},{"Route":"Stationall/remoteUpgrade","Method":"Get","parameter":["str"],"parameterexplain":["String,@json:{imei:\"\",version:\"v1.0\"}|"],"annotation":"app 远程升级","Authorize":false},{"Route":"Stationall/RegisterImei","Method":"POST","parameter":["str"],"parameterexplain":["String,@设备号 {imei:\"\"}|"],"annotation":"大喇叭设备注册","Authorize":false},{"Route":"Stationall/PlayVoice","Method":"POST","parameter":["str"],"parameterexplain":["String,@设备号 json|"],"annotation":"大喇叭语音播放","Authorize":false}]},{"Name":"Business_platform","IP":"192.168.1.26","Port":10099,"services":[{"Route":"Business/GetStationByArea","Method":"Get","parameter":["Area"],"parameterexplain":["String,@区域编码41,4101等|"],"annotation":"通过区域码返回站点列表","Authorize":true},{"Route":"Airquality/GetAqiDataByElement","Method":"Get","parameter":["Betime","Endtime","Element","Areacode"],"parameterexplain":["String,@根据时间，要素，地区查询环境实况数据|","String,@|","String,@|","String,@|"],"annotation":"根据时间，要素，地区查询环境实况数据","Authorize":false},{"Route":"Airquality/GetHomeAqiDataByNo","Method":"Get","parameter":["Station"],"parameterexplain":["String,@根据站点号查询24小时数据|"],"annotation":"通过区域码获取24小时环境数据(AQI,PM2.5,PM10,臭氧,二氧化碳,二氧化硫)","Authorize":false},{"Route":"Airquality/GetHomeWeatherDataByNo","Method":"Get","parameter":["Station"],"parameterexplain":["String,@根据站点号查询24小时数据|"],"annotation":"通过站点号获取24小时气象数据","Authorize":false},{"Route":"Airquality/GetHomeStation","Method":"Get","parameter":["Area"],"parameterexplain":["String,@根据地区查询站点数据和列表|"],"annotation":"根据地区查询站点数据和列表","Authorize":false},{"Route":"Airquality/GetAqiPM","Method":"Get","parameter":["Betime","Endtime"],"parameterexplain":["String,@根据日期范围获取AQI排名|","String,@|"],"annotation":"根据日期范围获取AQI排名","Authorize":false},{"Route":"Airquality/GetWrwZb","Method":"Get","parameter":[],"parameterexplain":[],"annotation":"获取当月污染物占比","Authorize":false},{"Route":"Airquality/GetAqiZb","Method":"Get","parameter":[],"parameterexplain":[],"annotation":"获取当月AQI占比","Authorize":false},{"Route":"Airquality/GetHjCurveData","Method":"Get","parameter":["Station","Betime","Endtime"],"parameterexplain":["String,@获取环境曲线数据|","String,@|","String,@|"],"annotation":"根据站号，时间获取环境曲线数据","Authorize":false},{"Route":"Airquality/GetQxzCurveData","Method":"Get","parameter":["Station","Betime","Endtime"],"parameterexplain":["String,@获取气象站曲线数据|","String,@|","String,@|"],"annotation":"根据站号，时间获取气象站曲线数据","Authorize":false},{"Route":"Airquality/GetQxzPm","Method":"Get","parameter":["Element","Betime","Endtime"],"parameterexplain":["String,@获取气象站排名数据|","String,@|","String,@|"],"annotation":"根据要素，时间获取气象站排名数据","Authorize":false},{"Route":"MinuteData/getStationDataInfo","Method":"Get","parameter":["Area","begintime","endtime","selectname"],"parameterexplain":["String,@区域编码41,4101等|","String,@开始时间|","String,@结束时间|","String,@要素类型 温度，湿度|"],"annotation":"通过区域码，时间，所有站点要素类型返回最新实况","Authorize":false},{"Route":"MinuteData/GetNewAllDataByStation","Method":"Get","parameter":["StationNo"],"parameterexplain":["String,@站号 StationNo  57071 |"],"annotation":"通过 站号  返回单站点实况最新实况","Authorize":false},{"Route":"MinuteData/GetDataByStation","Method":"Get","parameter":["StationNo","begintime","endtime"],"parameterexplain":["String,@站号 StationNo  57071 |","String,@开始时间|","String,@结束时间|"],"annotation":"通过区站号，时间，返回站点各要素逐小时数据","Authorize":false},{"Route":"StationallManage/GetStationallByType","Method":"Get","parameter":["Area","Type"],"parameterexplain":["String,@区域编码41,4101等|","String,@国家站,区域站，其他，环境站|"],"annotation":"通过区域码返回站点列表","Authorize":false}]}]}